scorer,DLC_resnet50_OpenFieldDez1shuffle1_75000,DLC_resnet50_OpenFieldDez1shuffle1_75000,DLC_resnet50_OpenFieldDez1shuffle1_75000,DLC_resnet50_OpenFieldDez1shuffle1_75000,DLC_resnet50_OpenFieldDez1shuffle1_75000,DLC_resnet50_OpenFieldDez1shuffle1_75000,DLC_resnet50_OpenFieldDez1shuffle1_75000,DLC_resnet50_OpenFieldDez1shuffle1_75000,DLC_resnet50_OpenFieldDez1shuffle1_75000,DLC_resnet50_OpenFieldDez1shuffle1_75000,DLC_resnet50_OpenFieldDez1shuffle1_75000,DLC_resnet50_OpenFieldDez1shuffle1_75000
bodyparts,nose,nose,nose,earL,earL,earL,earR,earR,earR,tail,tail,tail
coords,x,y,likelihood,x,y,likelihood,x,y,likelihood,x,y,likelihood
0,235.82528686523438,35.53207015991211,0.9999637603759766,242.4420928955078,20.750564575195312,0.9999957084655762,237.23020935058594,20.658557891845703,0.9999747276306152,244.35430908203125,-4.98635196685791,0.02494269609451294
1,237.0785675048828,37.854618072509766,0.9999819993972778,243.82693481445312,23.228883743286133,0.9999884366989136,236.85354614257812,23.954570770263672,0.9999818205833435,242.72061157226562,-4.523621559143066,0.08508649468421936
2,236.88882446289062,39.30778121948242,0.9999606609344482,245.28065490722656,26.405109405517578,0.9999935626983643,236.7121124267578,26.077390670776367,0.9999785423278809,242.3112030029297,-1.780766487121582,0.7719625234603882
3,238.58155822753906,43.325279235839844,0.999981701374054,245.0955810546875,29.35390853881836,0.9999914169311523,235.88250732421875,29.94457244873047,0.9999586343765259,243.07376098632812,3.073526382446289,0.9995230436325073
4,239.79237365722656,46.724586486816406,0.9999721050262451,246.0376434326172,33.681209564208984,0.9999977350234985,236.98085021972656,34.684532165527344,0.9999935626983643,242.60842895507812,6.537914276123047,0.9999931454658508
5,239.9265594482422,47.191585540771484,0.9999459385871887,246.04156494140625,35.08709716796875,0.9999971389770508,237.22486877441406,35.94765853881836,0.9999949932098389,243.3109588623047,8.01114273071289,0.9999964833259583
6,240.26893615722656,48.91195297241211,0.9999695420265198,246.4289093017578,36.05851364135742,0.999994158744812,237.8197479248047,36.78279495239258,0.9999932050704956,243.13638305664062,9.08860969543457,0.999997615814209
7,240.86492919921875,50.19690704345703,0.9999758005142212,246.88233947753906,38.331703186035156,0.9999855160713196,238.530029296875,38.48658752441406,0.9999842047691345,243.0542449951172,11.445276260375977,0.9999963045120239
8,241.3583221435547,51.76943588256836,0.9999839067459106,247.45664978027344,43.06133270263672,0.99994957447052,238.5231170654297,43.18610763549805,0.9998981952667236,242.44500732421875,18.17601776123047,0.9999903440475464
9,242.54843139648438,52.59587097167969,0.9999881982803345,248.20950317382812,46.08799743652344,0.9999197125434875,239.3464813232422,46.72007751464844,0.9999586343765259,243.50103759765625,26.258014678955078,0.9999879002571106
10,243.5718536376953,53.493621826171875,0.9999784231185913,248.13104248046875,47.08172607421875,0.9997954964637756,240.4678497314453,48.94789123535156,0.9998334646224976,243.48643493652344,30.231704711914062,0.9999802708625793
11,244.28892517089844,54.2324333190918,0.9999598264694214,247.7164764404297,48.507625579833984,0.9998481273651123,242.7911376953125,47.26039123535156,0.999870777130127,244.61415100097656,33.16152572631836,0.9999823570251465
12,245.33448791503906,54.80832290649414,0.9998951554298401,247.99057006835938,48.97106170654297,0.9998153448104858,243.78863525390625,47.82199478149414,0.9998699426651001,244.99880981445312,34.08431625366211,0.9999858736991882
13,246.19422912597656,54.81502914428711,0.9963328838348389,245.6992645263672,50.300994873046875,0.9998652338981628,245.9882354736328,49.56846237182617,0.9998813271522522,244.16378784179688,35.71508026123047,0.9999842643737793
14,246.35870361328125,52.87180709838867,0.9446558952331543,242.6619873046875,51.29868698120117,0.9999574422836304,246.9837646484375,51.29931640625,0.9998177886009216,244.213134765625,36.77169418334961,0.9999145865440369
15,249.09629821777344,49.10743713378906,0.992563009262085,242.5601348876953,50.33865737915039,0.9999964237213135,251.54168701171875,50.77114486694336,0.9998732805252075,243.53089904785156,70.40248107910156,0.9995871186256409
16,249.40380859375,50.71538543701172,0.9985831379890442,243.18275451660156,51.78449630737305,0.9999986886978149,252.7574462890625,53.122032165527344,0.9999356269836426,243.02780151367188,73.13579559326172,0.999602198600769
17,249.04310607910156,53.8886604309082,0.9847496747970581,243.68946838378906,55.30117416381836,0.999987781047821,251.39523315429688,55.43882369995117,0.9995174407958984,244.91317749023438,43.61320114135742,0.9973950386047363
18,248.00340270996094,54.38783645629883,0.9764218330383301,243.35501098632812,56.894500732421875,0.9999417662620544,247.4190216064453,59.3667106628418,0.9988373517990112,244.9931640625,44.27801513671875,0.9983446598052979
19,248.3577117919922,54.07306671142578,0.9810049533843994,243.56922912597656,57.29855728149414,0.9998800754547119,247.6422576904297,60.17616271972656,0.9982039928436279,244.83326721191406,44.99636459350586,0.9981973767280579
20,248.27035522460938,53.387176513671875,0.9816678762435913,242.88333129882812,59.2829704284668,0.9998327493667603,247.73101806640625,60.92580032348633,0.9981218576431274,240.85089111328125,81.33673095703125,0.9988405704498291
21,242.005615234375,84.91631317138672,0.9926570057868958,243.0353546142578,61.39582824707031,0.9995051026344299,246.47811889648438,62.67088317871094,0.9963207840919495,245.63177490234375,46.38751220703125,0.9968035221099854
22,241.8370361328125,90.49114227294922,0.9999959468841553,247.80780029296875,79.56734466552734,0.9999102354049683,239.3473663330078,78.95708465576172,0.9998351335525513,244.31277465820312,49.75341796875,0.9999818801879883
23,241.74264526367188,94.4244155883789,0.9999974966049194,247.54855346679688,84.83924102783203,0.9999982714653015,237.6649932861328,83.80429077148438,0.9999957084655762,244.96148681640625,54.585933685302734,0.9999986886978149
24,242.5100860595703,97.20948028564453,0.9999968409538269,247.3465118408203,87.76564025878906,0.9999939799308777,237.34010314941406,86.65782928466797,0.9999920129776001,245.61851501464844,58.864437103271484,0.999997615814209
25,242.2733154296875,100.18497467041016,0.9999985694885254,248.5521697998047,91.73278045654297,0.9999858736991882,237.4590606689453,90.16392517089844,0.9999313354492188,246.3480682373047,61.52480697631836,0.9999969005584717
26,241.4463348388672,104.57565307617188,0.9999943971633911,248.69833374023438,96.35192108154297,0.999994158744812,237.38780212402344,95.1195297241211,0.9999376535415649,246.8162384033203,65.25177001953125,0.999998927116394
27,240.9519500732422,110.04916381835938,0.999996542930603,246.6182098388672,101.67317962646484,0.9999987483024597,237.788330078125,100.805419921875,0.9999946355819702,245.40982055664062,70.21257781982422,0.999998927116394
28,240.93206787109375,115.2719497680664,0.9999977350234985,247.2142333984375,106.49253845214844,0.9999906420707703,236.72865295410156,105.0965576171875,0.9999386072158813,244.40713500976562,77.2406997680664,0.9999969005584717
29,239.92677307128906,121.48588562011719,0.9999946355819702,246.3734893798828,113.43460845947266,0.9999986886978149,236.9034423828125,113.28678131103516,0.999983549118042,243.07363891601562,82.63090515136719,0.9999985694885254
30,240.5974578857422,126.90593719482422,0.9999939203262329,245.5753173828125,118.39124298095703,0.9999982118606567,236.81167602539062,118.0031967163086,0.9999933242797852,243.64476013183594,88.07660675048828,0.9999978542327881
31,240.6401824951172,132.03311157226562,0.9999986886978149,246.343017578125,122.60282897949219,0.9999929666519165,236.68736267089844,122.80696105957031,0.9999409914016724,243.92124938964844,93.48357391357422,0.9999984502792358
32,240.41259765625,137.65431213378906,0.9999966621398926,246.35264587402344,128.95086669921875,0.9999983906745911,237.02462768554688,129.34938049316406,0.9999852180480957,243.18008422851562,99.21348571777344,0.9999984502792358
33,240.3428497314453,141.6914520263672,0.9999953508377075,245.50198364257812,133.28399658203125,0.9999989867210388,236.42572021484375,133.1361846923828,0.9999940395355225,242.7726593017578,104.14617156982422,0.9999973773956299
34,241.08810424804688,146.1234588623047,0.9999978542327881,245.5966339111328,136.92694091796875,0.9999905824661255,237.0529327392578,136.99354553222656,0.999966025352478,242.59884643554688,108.4892578125,0.9999980330467224
35,242.67819213867188,151.2362823486328,0.9999990463256836,247.03721618652344,141.43919372558594,0.9999934434890747,238.58705139160156,143.01983642578125,0.9999576210975647,241.51351928710938,112.3799819946289,0.9999966025352478
36,243.46299743652344,155.9474334716797,0.9999991655349731,247.97174072265625,146.45059204101562,0.9999957084655762,238.98117065429688,146.89710998535156,0.9999909400939941,241.78030395507812,116.18570709228516,0.9999991655349731
37,244.22364807128906,159.49571228027344,0.9999966621398926,248.2325897216797,150.5177459716797,0.999986469745636,241.5789031982422,150.4906768798828,0.9999892711639404,243.1286163330078,121.07526397705078,0.9999980926513672
38,244.76019287109375,164.41090393066406,0.9999991655349731,249.21441650390625,154.72593688964844,0.9999654293060303,240.2405242919922,156.16851806640625,0.9999854564666748,244.25518798828125,125.7942123413086,0.9999984502792358
39,244.11997985839844,169.4220428466797,0.9999992847442627,249.76451110839844,160.56393432617188,0.9999790787696838,242.56431579589844,159.86224365234375,0.9999940395355225,243.9972381591797,128.3690185546875,0.9999986886978149
40,244.78285217285156,173.0032196044922,0.9999991655349731,249.0174560546875,164.13897705078125,0.9999790191650391,242.70040893554688,164.08416748046875,0.9999958872795105,243.4844970703125,132.59188842773438,0.9999995231628418
41,246.58518981933594,177.90936279296875,0.9999971985816956,249.31716918945312,167.91297912597656,0.999966025352478,242.2203369140625,169.39251708984375,0.9999909400939941,243.51919555664062,137.29953002929688,0.9999979734420776
42,247.2420196533203,181.8905029296875,0.9999978542327881,251.2344207763672,172.7971649169922,0.9999672174453735,242.7693328857422,173.80316162109375,0.9999964237213135,245.32875061035156,143.1616668701172,0.9999969005584717
43,247.35302734375,185.18423461914062,0.9999964833259583,252.4685821533203,176.47833251953125,0.9999673366546631,245.19827270507812,175.8140411376953,0.9999973773956299,246.8506317138672,145.35182189941406,0.9999990463256836
44,246.8841552734375,187.84033203125,0.9999984502792358,252.52853393554688,179.51422119140625,0.9999879002571106,245.29335021972656,178.77386474609375,0.999998927116394,248.5409393310547,148.69741821289062,0.9999983310699463
45,246.84539794921875,190.81602478027344,0.9999980926513672,252.6538848876953,182.75303649902344,0.9999785423278809,245.34530639648438,181.72425842285156,0.9999986290931702,250.64268493652344,152.85951232910156,0.9999892711639404
46,247.4488525390625,194.87213134765625,0.9999974370002747,252.78440856933594,186.64488220214844,0.9999581575393677,245.08753967285156,185.68051147460938,0.9999960064888,250.63377380371094,156.2596435546875,0.9999921321868896
47,247.3580780029297,199.27066040039062,0.9999970197677612,252.19708251953125,190.54454040527344,0.9999668598175049,244.09091186523438,190.7994384765625,0.9999977350234985,250.07005310058594,158.23910522460938,0.9999843239784241
48,247.34640502929688,202.28074645996094,0.9999984502792358,252.6876983642578,194.14662170410156,0.9999862909317017,245.76841735839844,193.30760192871094,0.9999988079071045,249.26104736328125,162.10635375976562,0.9999982118606567
49,247.7044219970703,205.49652099609375,0.999998152256012,253.40769958496094,197.59933471679688,0.99998939037323,246.19033813476562,196.81494140625,0.9999988079071045,250.24623107910156,166.00547790527344,0.9999918937683105
50,248.357177734375,210.0897979736328,0.9999960660934448,253.6441650390625,201.48556518554688,0.9999520778656006,245.85731506347656,200.72219848632812,0.9999957084655762,251.93386840820312,170.6351318359375,0.9999834299087524
51,246.54983520507812,213.81724548339844,0.9999982118606567,252.0635528564453,206.22695922851562,0.9999632835388184,244.299072265625,205.0122833251953,0.999997615814209,251.5146942138672,173.6048126220703,0.9999669194221497
52,244.74423217773438,216.68275451660156,0.999998927116394,251.61846923828125,209.303466796875,0.9999853372573853,245.1854248046875,207.39686584472656,0.9999959468841553,251.85394287109375,177.2707061767578,0.9999915361404419
53,243.71449279785156,220.46755981445312,0.9999994039535522,250.16563415527344,213.00411987304688,0.9999834299087524,243.7540283203125,211.1027374267578,0.9999978542327881,251.1057586669922,180.91192626953125,0.9999915957450867
54,243.37112426757812,225.13282775878906,0.9999976754188538,249.03448486328125,216.0929718017578,0.9999194145202637,241.93038940429688,215.23223876953125,0.9999912977218628,250.8203582763672,185.2735137939453,0.9999656677246094
55,242.71006774902344,228.67428588867188,0.9999988079071045,249.06619262695312,219.4816131591797,0.9999683499336243,240.26666259765625,219.96017456054688,0.9999849796295166,251.93466186523438,189.5291748046875,0.9999722242355347
56,241.60765075683594,233.0999298095703,0.9999979138374329,248.78036499023438,225.0426788330078,0.999991238117218,241.64852905273438,223.19076538085938,0.9999783039093018,251.45924377441406,192.62399291992188,0.9999825954437256
57,240.68817138671875,236.8964385986328,0.999997079372406,247.4225311279297,229.28109741210938,0.9999960660934448,240.6361083984375,227.3249053955078,0.9999890327453613,251.2251739501953,197.39723205566406,0.99998939037323
58,239.3578338623047,241.26463317871094,0.9999942779541016,246.64207458496094,233.14234924316406,0.9999855160713196,238.24395751953125,232.70062255859375,0.999967098236084,251.00143432617188,201.26852416992188,0.9999786615371704
59,237.70205688476562,245.87303161621094,0.9999874830245972,244.5186309814453,237.30625915527344,0.9999955892562866,236.231201171875,237.28907775878906,0.9999421834945679,248.34274291992188,205.30068969726562,0.9999940991401672
60,237.35235595703125,250.0978240966797,0.9999682903289795,243.446533203125,242.51174926757812,0.9999994039535522,235.98321533203125,242.4003448486328,0.9999868869781494,245.83212280273438,209.46742248535156,0.9999984502792358
61,235.34312438964844,252.35020446777344,0.9999881982803345,241.42507934570312,245.22425842285156,0.9999989867210388,234.87698364257812,243.9032440185547,0.9999938011169434,245.4988555908203,213.1007080078125,0.9999985694885254
62,232.78756713867188,255.88360595703125,0.9999904632568359,239.36647033691406,247.5503387451172,0.9999924898147583,232.44215393066406,246.4002227783203,0.9999980926513672,245.8952178955078,216.40499877929688,0.9999960660934448
63,232.14898681640625,259.0452575683594,0.9999967813491821,239.262939453125,251.4994659423828,0.999976396560669,230.83248901367188,250.14918518066406,0.9999966621398926,246.41879272460938,218.92059326171875,0.9999927878379822
64,230.42178344726562,261.6724853515625,0.9999986886978149,237.7423858642578,254.1619873046875,0.9999853372573853,229.53707885742188,252.79727172851562,0.9999986886978149,246.4984893798828,221.57415771484375,0.9999774694442749
65,228.9327392578125,263.9456481933594,0.9999986886978149,236.56436157226562,256.8974914550781,0.9999878406524658,228.3020477294922,255.40679931640625,0.9999982118606567,245.7821044921875,224.5444793701172,0.9999946355819702
66,228.4051971435547,266.9913024902344,0.9999996423721313,235.4210662841797,259.5513610839844,0.9999936819076538,229.05966186523438,257.6123046875,0.9999988079071045,242.6827850341797,227.517822265625,0.9999978542327881
67,228.30490112304688,270.35882568359375,0.9999992847442627,234.50758361816406,262.3976135253906,0.9999783039093018,227.7982635498047,261.3125,0.999998927116394,240.106689453125,229.78628540039062,0.9999858140945435
68,228.0706787109375,273.7647705078125,0.9999986290931702,234.4557342529297,266.0645446777344,0.999901533126831,226.04403686523438,265.41668701171875,0.9999949932098389,239.3520050048828,233.39833068847656,0.999974250793457
69,226.76768493652344,277.458251953125,0.9999992251396179,233.6038818359375,269.01739501953125,0.9999594688415527,224.91648864746094,268.983642578125,0.9999955892562866,239.70236206054688,236.3219757080078,0.999975323677063
70,227.48394775390625,282.2021179199219,0.9999995231628418,233.61880493164062,273.40966796875,0.9999874830245972,227.1054229736328,272.2489013671875,0.9999966621398926,238.75965881347656,240.8560028076172,0.9999839067459106
71,228.23495483398438,285.84503173828125,0.9999996423721313,233.47398376464844,277.09051513671875,0.9999850988388062,227.4078826904297,276.56536865234375,0.9999985694885254,238.6566162109375,244.3406524658203,0.9999872446060181
72,229.36631774902344,289.6232604980469,0.9999985694885254,233.50796508789062,280.61566162109375,0.9999483227729797,226.39891052246094,281.3122253417969,0.9999949932098389,236.41360473632812,249.1979522705078,0.9999741911888123
73,228.89520263671875,294.4020690917969,0.9999991655349731,233.85202026367188,286.0442199707031,0.9999785423278809,225.92581176757812,286.34857177734375,0.9999963045120239,234.82643127441406,251.87765502929688,0.9999896287918091
74,229.69544982910156,298.6165466308594,0.999999463558197,234.30076599121094,290.346435546875,0.9999902248382568,228.5657958984375,289.933349609375,0.9999987483024597,232.8146514892578,256.4621887207031,0.9999966621398926
75,230.16653442382812,302.4641418457031,0.9999990463256836,234.34432983398438,293.67706298828125,0.9999895095825195,228.43707275390625,293.54913330078125,0.9999980926513672,231.92279052734375,259.9024353027344,0.9999990463256836
76,232.4722900390625,307.51763916015625,0.9999974966049194,236.6971893310547,298.1196594238281,0.9999802112579346,229.02247619628906,298.9793701171875,0.9999978542327881,233.039306640625,264.7606201171875,0.9999951124191284
77,233.06829833984375,312.0140686035156,0.9999834895133972,237.46116638183594,304.78692626953125,0.999980092048645,231.8448486328125,303.7518310546875,0.9999970197677612,233.44447326660156,270.15155029296875,0.9999905824661255
78,234.6664276123047,315.7252197265625,0.9999878406524658,238.95315551757812,306.7801208496094,0.9999927878379822,232.56857299804688,307.6501159667969,0.9999982118606567,232.98992919921875,273.7906188964844,0.9999991655349731
79,236.66893005371094,320.2473449707031,0.9999879598617554,240.06564331054688,310.3266296386719,0.9999879002571106,233.27923583984375,312.92645263671875,0.9999873638153076,232.52035522460938,279.0570983886719,0.9999969005584717
80,237.3800506591797,324.4855651855469,0.9999970197677612,240.84523010253906,315.5500793457031,0.9999904632568359,234.9693603515625,317.7062072753906,0.9999842643737793,232.88914489746094,284.1277770996094,0.999993085861206
81,237.84764099121094,329.0777282714844,0.9999736547470093,241.51002502441406,320.9170227050781,0.9999971389770508,235.58160400390625,322.3022155761719,0.9999922513961792,233.3206329345703,288.6151123046875,0.9999988675117493
82,237.64869689941406,329.9657287597656,0.999984085559845,241.87347412109375,324.4450988769531,0.9999970197677612,236.10598754882812,325.3226623535156,0.9999868869781494,234.59133911132812,291.5740661621094,0.9999974966049194
83,239.4445343017578,335.6042785644531,0.9999936819076538,243.56478881835938,327.4568176269531,0.9999927282333374,237.6571502685547,328.6858825683594,0.999940812587738,235.70993041992188,295.7955017089844,0.9999895095825195
84,240.59169006347656,336.95233154296875,0.9999986886978149,244.88609313964844,332.2505798339844,0.9999949932098389,238.52322387695312,333.3644714355469,0.9999003410339355,237.7946319580078,299.43316650390625,0.9999486207962036
85,241.59580993652344,341.1658935546875,0.9999985098838806,245.45059204101562,336.1955261230469,0.9999976754188538,240.44847106933594,337.3209228515625,0.999985933303833,237.76939392089844,304.15576171875,0.9999943971633911
86,242.06668090820312,346.4405212402344,0.9999962449073792,245.59310913085938,340.2484436035156,0.9999973773956299,240.2542266845703,341.270751953125,0.9999879598617554,238.0480499267578,309.01251220703125,0.9999952912330627
87,242.754150390625,350.11309814453125,0.9999966621398926,246.13284301757812,343.9458923339844,0.9999707937240601,240.83445739746094,345.4460144042969,0.9999706745147705,238.89605712890625,313.61090087890625,0.9999511241912842
88,245.24313354492188,353.4640808105469,0.9999974966049194,248.8066864013672,347.6396179199219,0.9999750852584839,242.78369140625,349.4381103515625,0.9999927282333374,237.32586669921875,318.54901123046875,0.9999858140945435
89,246.6087646484375,357.019287109375,0.999997079372406,250.01039123535156,350.6834716796875,0.9999172687530518,244.5224609375,351.4949645996094,0.9999884366989136,239.59201049804688,323.1114807128906,0.9999935626983643
90,245.77565002441406,359.19732666015625,0.9999943971633911,249.29124450683594,354.10919189453125,0.9999567866325378,243.95712280273438,353.23114013671875,0.9999951124191284,242.34896850585938,326.4049072265625,0.9999896287918091
91,245.93121337890625,359.4051208496094,0.9999926090240479,249.9956817626953,354.6200866699219,0.9999552965164185,243.96795654296875,353.46539306640625,0.9999958276748657,244.00633239746094,327.06854248046875,0.9999886751174927
92,245.27630615234375,360.23638916015625,0.9999946355819702,250.33407592773438,354.86273193359375,0.9999769926071167,244.26187133789062,353.5312805175781,0.9999976754188538,246.65023803710938,326.39654541015625,0.9999926090240479
93,245.4952392578125,361.1817932128906,0.9999960064888,250.45745849609375,355.3957214355469,0.9999756813049316,244.30345153808594,353.8863830566406,0.9999975562095642,246.926025390625,326.3994445800781,0.9999915957450867
94,245.94627380371094,362.34869384765625,0.9999960660934448,250.5995330810547,356.01898193359375,0.9999750852584839,244.7841033935547,354.6175537109375,0.9999964237213135,245.7362518310547,326.8066101074219,0.9999906420707703
95,248.2100830078125,364.440185546875,0.9999884963035583,252.62921142578125,357.3863220214844,0.9999715089797974,246.35076904296875,356.2538757324219,0.9999914765357971,244.3568115234375,328.8619384765625,0.9999889731407166
96,252.13381958007812,369.3312072753906,0.999954342842102,255.26246643066406,359.0218200683594,0.9999144673347473,249.20982360839844,361.5119323730469,0.9999717473983765,244.4442596435547,330.9976501464844,0.9999943971633911
97,255.53216552734375,371.4751892089844,0.9999779462814331,258.3651428222656,362.6606750488281,0.9999551177024841,252.38558959960938,364.0055236816406,0.9999125003814697,244.86346435546875,337.0904541015625,0.999997615814209
98,257.71173095703125,374.54364013671875,0.9999890327453613,261.02349853515625,364.6747131347656,0.9999551773071289,254.47235107421875,366.1538391113281,0.9996528625488281,246.94369506835938,340.4515075683594,0.9999995231628418
99,260.0020446777344,380.335205078125,0.9999947547912598,264.05517578125,368.97137451171875,0.9999337196350098,257.406494140625,368.6072692871094,0.9999654293060303,250.49664306640625,342.02484130859375,0.9999961853027344
100,261.3396911621094,381.4832763671875,0.9999911785125732,265.8395080566406,372.5629577636719,0.9999368190765381,258.9658203125,370.38897705078125,0.9999877214431763,250.21224975585938,342.83001708984375,0.9999932646751404
101,263.2069396972656,383.69378662109375,0.9999712705612183,268.0369873046875,375.0627136230469,0.9998670220375061,260.27935791015625,372.5458679199219,0.9999879598617554,250.20901489257812,345.1265869140625,0.9999734163284302
102,266.4065246582031,388.5286560058594,0.9999487400054932,271.35137939453125,378.35540771484375,0.9998737573623657,262.26068115234375,376.0697937011719,0.9999906420707703,251.96595764160156,348.6778564453125,0.9999569654464722
103,267.14495849609375,391.8601379394531,0.9999725222587585,273.4886474609375,381.84747314453125,0.9999702572822571,264.1690979003906,379.5731201171875,0.9999939203262329,254.03042602539062,352.3432312011719,0.9999493956565857
104,267.24224853515625,394.01123046875,0.9999151229858398,274.40472412109375,384.3758239746094,0.9999744892120361,265.4433898925781,381.8687438964844,0.9999876022338867,256.9338684082031,354.5019226074219,0.9999905824661255
105,268.3064270019531,393.1927795410156,0.999876856803894,276.0495300292969,385.7098388671875,0.9999875426292419,267.024658203125,383.0055847167969,0.9999389052391052,259.4255676269531,355.37628173828125,0.9999970197677612
106,269.54632568359375,394.4173583984375,0.9999158382415771,277.60552978515625,387.23516845703125,0.9999904632568359,268.57147216796875,383.40966796875,0.9998838901519775,262.0893249511719,357.05413818359375,0.9999978542327881
107,270.7305603027344,396.5958251953125,0.9999810457229614,279.0531005859375,388.5317077636719,0.999984622001648,268.27313232421875,385.4082336425781,0.9999107122421265,263.55096435546875,358.95068359375,0.9999952912330627
108,271.281005859375,399.83673095703125,0.9999732971191406,279.1480407714844,391.347412109375,0.9999525547027588,269.6455993652344,387.8175354003906,0.9999135732650757,265.7016906738281,361.35009765625,0.9999840259552002
109,271.0083923339844,402.350830078125,0.9999704360961914,279.75506591796875,396.2765197753906,0.9999645948410034,270.4983215332031,391.1802062988281,0.9996980428695679,267.1599426269531,364.59100341796875,0.9999395608901978
110,270.75445556640625,406.6128845214844,0.9999088048934937,278.680908203125,400.6736145019531,0.9999542236328125,270.0041198730469,395.8422546386719,0.9996184706687927,270.5187072753906,368.1136169433594,0.9999669790267944
111,269.7645568847656,408.51739501953125,0.9994328022003174,277.73638916015625,403.2615661621094,0.9998980164527893,270.24334716796875,398.9367980957031,0.9976348876953125,273.8294372558594,371.1670227050781,0.9999967813491821
112,267.7529602050781,410.7347717285156,0.9953467845916748,276.7073669433594,405.6046447753906,0.9992913007736206,270.2640075683594,402.5296325683594,0.9934485554695129,275.01690673828125,374.5877685546875,0.9999894499778748
113,266.42864990234375,413.201416015625,0.9959810972213745,275.08770751953125,408.1796875,0.9984119534492493,268.9977111816406,405.5086975097656,0.9977506399154663,277.1445007324219,377.975830078125,0.9999865889549255
114,267.66766357421875,414.45361328125,0.9932746291160583,276.67626953125,411.7347412109375,0.9983763694763184,269.5036315917969,407.1852111816406,0.997077465057373,277.95404052734375,380.3465881347656,0.9999797344207764
115,270.2320251464844,415.4866638183594,0.9277845025062561,275.7834167480469,414.7403869628906,0.9895138144493103,269.47802734375,409.9309387207031,0.9499404430389404,276.6265869140625,383.81317138671875,0.9999800324440002
116,269.242431640625,419.6612243652344,0.9895386099815369,277.86431884765625,416.4779968261719,0.998309314250946,269.2860107421875,414.9854736328125,0.9425797462463379,275.6402282714844,386.5721435546875,0.9999955892562866
117,267.49005126953125,421.9598388671875,0.983408510684967,276.5325622558594,418.2911376953125,0.9962759017944336,268.1554260253906,416.8074035644531,0.8680678009986877,274.93609619140625,388.10516357421875,0.9999884963035583
118,266.2715148925781,424.3747253417969,0.9581481218338013,275.13604736328125,420.1297912597656,0.9846687316894531,269.0245666503906,420.15972900390625,0.8122782707214355,274.95294189453125,390.00042724609375,0.9997351169586182
119,268.12371826171875,425.74420166015625,0.8837631940841675,275.16180419921875,420.8938293457031,0.9788146018981934,270.30780029296875,422.1282043457031,0.7708301544189453,276.7099304199219,391.808349609375,0.999443769454956
120,269.2050476074219,424.5741882324219,0.699668824672699,276.19329833984375,420.5426025390625,0.9297825694084167,273.97491455078125,418.5704650878906,0.6143987774848938,277.00140380859375,393.1763610839844,0.9995726346969604
121,272.4046325683594,423.2062683105469,0.2603762447834015,277.0200500488281,421.0068054199219,0.5917571187019348,274.9598693847656,419.1260070800781,0.33257442712783813,277.2627868652344,394.9383850097656,0.9986559152603149
122,273.9447021484375,422.3615417480469,0.03799545764923096,278.64117431640625,424.6953125,0.07008689641952515,276.019287109375,420.2270812988281,0.05076861381530762,277.01983642578125,396.3458251953125,0.9945440888404846
123,274.23291015625,421.66131591796875,0.01011398434638977,278.510009765625,425.3524169921875,0.024012833833694458,276.2668151855469,420.4532775878906,0.013327032327651978,277.59466552734375,397.5938720703125,0.9720999002456665
124,273.9847106933594,424.301025390625,0.008683651685714722,278.5335693359375,425.5176086425781,0.025172829627990723,276.01031494140625,420.8402099609375,0.011570841073989868,277.1907653808594,398.2764587402344,0.9641924500465393
125,264.1499328613281,427.6791687011719,0.09207338094711304,275.684814453125,426.9344177246094,0.4387262761592865,269.3572082519531,425.3763122558594,0.11570662260055542,276.2037353515625,398.18414306640625,0.9925941824913025
126,264.0296630859375,430.3509216308594,0.9959133863449097,273.6781921386719,428.45697021484375,0.9993007183074951,265.3504638671875,428.7323303222656,0.9944655895233154,274.99627685546875,396.95123291015625,0.9998997449874878
127,265.600341796875,429.490234375,0.9998199939727783,273.82568359375,428.4554138183594,0.9999518394470215,266.2127685546875,427.5747985839844,0.9993420839309692,275.2074279785156,397.095703125,0.9999711513519287
128,267.0203857421875,429.17401123046875,0.9998013377189636,275.67584228515625,427.6067810058594,0.9999357461929321,266.9314880371094,428.26458740234375,0.9986176490783691,275.1769104003906,397.35845947265625,0.9999606609344482
129,268.5648193359375,428.3048400878906,0.999888002872467,276.7201232910156,427.00250244140625,0.9999452829360962,267.9726257324219,427.5873107910156,0.9985060691833496,274.5698547363281,396.8127746582031,0.9999675750732422
130,268.5837097167969,428.28594970703125,0.9999511241912842,276.2264404296875,427.66864013671875,0.9999725818634033,267.6723327636719,427.2974548339844,0.9990092515945435,274.7159729003906,396.80914306640625,0.9999711513519287
131,269.0517883300781,428.6915283203125,0.9999421238899231,276.4899597167969,427.9536437988281,0.9999799728393555,268.0596923828125,427.6839599609375,0.9992690682411194,274.01580810546875,397.8310852050781,0.99997478723526
132,270.564697265625,430.0335998535156,0.9999540448188782,277.3770751953125,428.7508544921875,0.9999869465827942,268.7855529785156,429.75372314453125,0.9997093677520752,272.87725830078125,398.4295654296875,0.9999768733978271
133,272.088623046875,431.1374206542969,0.9999892115592957,277.9070739746094,429.9783630371094,0.999990701675415,269.99493408203125,432.62017822265625,0.9998618364334106,272.33172607421875,400.3680114746094,0.9999932646751404
134,271.59014892578125,432.65899658203125,0.9999961256980896,277.6908264160156,431.44677734375,0.9999949336051941,269.408203125,434.7377014160156,0.9999696016311646,272.5968933105469,402.9339294433594,0.9999977350234985
135,270.6123046875,435.7207946777344,0.9999779462814331,276.5216979980469,435.27490234375,0.9999977350234985,268.0851135253906,438.13555908203125,0.9999712705612183,272.6147155761719,406.2550048828125,0.9999933242797852
136,267.971923828125,439.570068359375,0.9996211528778076,274.7131652832031,438.5912780761719,0.9999721646308899,267.14617919921875,439.49700927734375,0.9999402761459351,274.64117431640625,411.7753601074219,0.9999908208847046
137,265.8979187011719,441.426513671875,0.9990995526313782,273.17034912109375,440.4189147949219,0.999449610710144,265.6377258300781,440.94110107421875,0.9997820258140564,274.6539611816406,413.80224609375,0.9999676942825317
138,262.69677734375,441.4106750488281,0.9993366599082947,270.62689208984375,441.9178466796875,0.9988923072814941,262.70391845703125,440.354248046875,0.9998036623001099,275.1064758300781,414.52752685546875,0.9999477863311768
139,260.919189453125,438.08270263671875,0.932005763053894,267.6177978515625,438.85308837890625,0.9809322357177734,261.1351013183594,438.50433349609375,0.9920205473899841,274.919677734375,415.48785400390625,0.998889148235321
140,248.10040283203125,441.317138671875,0.9017587304115295,261.4278564453125,442.4685363769531,0.9008913636207581,257.29083251953125,439.2843322753906,0.9597986340522766,272.5011291503906,417.874267578125,0.9993577003479004
141,244.6535186767578,441.4053039550781,0.734957754611969,253.19784545898438,444.7348327636719,0.3410382866859436,257.3867492675781,438.8403015136719,0.4116233289241791,271.19921875,421.0949401855469,0.9913998246192932
142,238.8399658203125,441.67083740234375,0.11929923295974731,244.9613494873047,443.92462158203125,0.02310243248939514,255.91476440429688,432.24212646484375,0.02541327476501465,268.0133972167969,421.947265625,0.09167227149009705
143,236.43162536621094,434.8263244628906,0.2418445348739624,239.58180236816406,445.7264709472656,0.07632118463516235,244.40419006347656,438.0469665527344,0.09937867522239685,266.11767578125,428.49267578125,0.19068610668182373
144,230.09429931640625,436.7635803222656,0.9984341859817505,234.50967407226562,443.49993896484375,0.9681216478347778,238.41195678710938,437.0406494140625,0.9939017295837402,261.4491271972656,433.0742492675781,0.5859371423721313
145,226.39988708496094,435.5213928222656,0.9996285438537598,230.42767333984375,443.1012878417969,0.9968680143356323,234.83399963378906,437.05047607421875,0.9986424446105957,257.7773132324219,434.601806640625,0.723446249961853
146,221.52227783203125,431.6506652832031,0.9996093511581421,227.106201171875,439.81793212890625,0.9996874332427979,229.76492309570312,434.3555603027344,0.9999513030052185,253.8959197998047,435.622314453125,0.9973050951957703
147,217.14857482910156,427.12664794921875,0.9998635649681091,221.66409301757812,439.5521240234375,0.9999532699584961,225.8225860595703,431.5390319824219,0.9999784231185913,251.4853973388672,437.5419921875,0.9997069835662842
148,215.18638610839844,424.9480895996094,0.999954879283905,217.88307189941406,434.1656799316406,0.9999617338180542,221.8815155029297,428.8383483886719,0.9998073577880859,246.28814697265625,436.69952392578125,0.9998841285705566
149,211.82264709472656,422.4908447265625,0.9999946355819702,214.04835510253906,431.3072204589844,0.9999814033508301,219.69036865234375,425.156494140625,0.9999526143074036,242.77825927734375,436.3223571777344,0.9999561309814453
150,208.43003845214844,420.3328857421875,0.9999908804893494,210.6766815185547,431.4687805175781,0.9999608993530273,215.74560546875,424.82659912109375,0.9999834895133972,237.35000610351562,435.9981384277344,0.9995733499526978
151,205.21539306640625,418.55194091796875,0.9999618530273438,207.23739624023438,430.0525817871094,0.999832272529602,213.10536193847656,423.6420593261719,0.9999966621398926,234.38613891601562,437.54376220703125,0.9997223019599915
152,201.74583435058594,415.5938415527344,0.9999408721923828,202.40501403808594,428.02081298828125,0.9999035000801086,208.79727172851562,420.8426818847656,0.9999982118606567,229.95086669921875,437.2248229980469,0.9999635219573975
153,199.32273864746094,412.0628967285156,0.9999916553497314,200.19956970214844,423.035400390625,0.9999961256980896,207.32235717773438,418.4119873046875,0.9999979138374329,226.03514099121094,436.120361328125,0.9999855160713196
154,196.69143676757812,408.06329345703125,0.9999944567680359,196.60902404785156,419.0675964355469,0.9999973773956299,203.46226501464844,414.4752197265625,0.9999783039093018,221.19064331054688,434.78753662109375,0.999908447265625
155,194.78565979003906,404.8469543457031,0.9999978542327881,193.30288696289062,415.6708679199219,0.9999808073043823,201.02691650390625,410.77935791015625,0.9999861717224121,218.49853515625,432.6867370605469,0.9998540878295898
156,193.27249145507812,401.29559326171875,0.9999901056289673,191.2441864013672,411.0662536621094,0.9999573230743408,198.2982177734375,407.8642272949219,0.9999980926513672,214.96038818359375,429.25335693359375,0.9999432563781738
157,189.15682983398438,398.9212951660156,0.9999623894691467,187.6787872314453,410.7165832519531,0.9999784231185913,195.21910095214844,404.5412292480469,0.9999992847442627,212.3062286376953,427.8519287109375,0.9999904632568359
158,186.09889221191406,396.70526123046875,0.9999421834945679,185.23927307128906,408.29498291015625,0.9999921321868896,192.52052307128906,401.83251953125,0.9999963045120239,209.9008331298828,425.6416931152344,0.9999866485595703
159,184.73492431640625,391.5784912109375,0.9999669790267944,184.25062561035156,402.5018615722656,0.9999977946281433,190.82965087890625,398.2623596191406,0.9999712109565735,208.17349243164062,423.1761169433594,0.9999696016311646
160,184.89784240722656,387.57977294921875,0.9999904632568359,182.92880249023438,398.96026611328125,0.999994695186615,190.03695678710938,393.3539733886719,0.9999336004257202,203.5532684326172,420.50653076171875,0.9999575614929199
161,184.62319946289062,383.25115966796875,0.9999775886535645,182.15576171875,394.2840270996094,0.9999940395355225,189.5025634765625,390.11212158203125,0.9999966025352478,201.25889587402344,416.56591796875,0.9998575448989868
162,182.34866333007812,378.4280090332031,0.9999876022338867,181.80091857910156,389.40032958984375,0.9999992847442627,188.1422576904297,386.47332763671875,0.9999973773956299,199.21360778808594,413.10699462890625,0.999976396560669
163,183.88116455078125,374.07818603515625,0.999995231628418,181.995361328125,384.8419189453125,0.9999989867210388,188.29051208496094,382.5959777832031,0.9999809861183167,197.81764221191406,410.7381896972656,0.9999919533729553
164,184.3117218017578,369.1983337402344,0.9999942779541016,180.4226531982422,380.3194885253906,0.9999961256980896,187.51771545410156,377.8286437988281,0.9999505281448364,195.247802734375,406.58331298828125,0.9999959468841553
165,185.00860595703125,365.0690002441406,0.999921977519989,182.44473266601562,376.4632263183594,0.999997615814209,189.6229705810547,375.6501770019531,0.9999911189079285,193.59251403808594,403.3230895996094,0.9999980926513672
166,188.48252868652344,359.45562744140625,0.9998554587364197,184.39349365234375,371.8993225097656,0.9999984502792358,191.58685302734375,373.08575439453125,0.9999926090240479,191.5782928466797,398.8625793457031,0.9999880194664001
167,191.58016967773438,354.8411865234375,0.999974250793457,186.2738037109375,367.4210205078125,0.9999495148658752,195.07630920410156,367.1027526855469,0.9999216198921204,191.64968872070312,395.26007080078125,0.9999877214431763
168,194.5413818359375,350.0708923339844,0.9998924732208252,187.95834350585938,361.11077880859375,0.9999768137931824,196.98411560058594,363.4080505371094,0.9999809265136719,191.48973083496094,390.14935302734375,0.9999682903289795
169,195.98553466796875,344.9329833984375,0.9999663233757019,190.0496826171875,356.2509765625,0.9999936819076538,198.4805908203125,358.7496032714844,0.9999972581863403,191.71095275878906,384.21630859375,0.9999741911888123
170,198.225830078125,339.13720703125,0.9999932646751404,190.61720275878906,351.17669677734375,0.9999592900276184,199.588623046875,353.561279296875,0.9999776482582092,191.66018676757812,379.190185546875,0.9999892711639404
171,198.82717895507812,333.0661926269531,0.9999430179595947,193.59564208984375,342.7170715332031,0.9999756217002869,201.3285369873047,346.45941162109375,0.9998728036880493,190.9820098876953,375.41644287109375,0.9999881982803345
172,201.85946655273438,327.34906005859375,0.9999257922172546,195.80947875976562,337.2423400878906,0.9999957084655762,204.2744903564453,341.9197692871094,0.9999712705612183,192.2943115234375,367.362548828125,0.9999814033508301
173,204.2288818359375,320.0995788574219,0.9999487400054932,197.6712188720703,332.69512939453125,0.9999821782112122,206.55169677734375,336.3796081542969,0.9993714690208435,195.23631286621094,362.3834533691406,0.9999908208847046
174,205.00624084472656,314.5195007324219,0.9986817836761475,199.0180206298828,324.36773681640625,0.9999927282333374,207.6332550048828,329.1702880859375,0.9998657703399658,195.59698486328125,355.8038635253906,0.9999959468841553
175,205.87982177734375,309.37884521484375,0.9999004006385803,200.27857971191406,318.95306396484375,0.9999515414237976,207.47935485839844,322.191162109375,0.9996684789657593,198.34140014648438,349.3879699707031,0.9999057054519653
176,205.30514526367188,303.8274230957031,0.9875257015228271,199.3071746826172,317.16754150390625,0.9985795021057129,206.1574249267578,314.8138427734375,0.9640427231788635,197.97903442382812,344.9463806152344,0.9872357845306396
177,196.8767852783203,339.0266418457031,0.9997103214263916,202.45672607421875,330.3565673828125,0.9941797256469727,195.37730407714844,329.2616882324219,0.998477041721344,206.69337463378906,299.53546142578125,0.996619462966919
178,195.29832458496094,331.87249755859375,0.9987484216690063,202.62161254882812,305.2799072265625,0.9777575731277466,197.39027404785156,323.3659973144531,0.9922502636909485,211.0605010986328,293.3670654296875,0.9658763408660889
179,198.6753387451172,326.9535827636719,0.9999352693557739,205.5606231689453,320.4812927246094,0.9998881816864014,197.88201904296875,318.2273864746094,0.9999141693115234,212.50396728515625,285.79656982421875,0.9995178580284119
180,201.38967895507812,321.1490783691406,0.9998927712440491,206.7538299560547,315.1188049316406,0.9998486042022705,200.07057189941406,313.2798156738281,0.9997661113739014,216.92135620117188,279.7646179199219,0.9996374845504761
181,202.48118591308594,316.1603088378906,0.9998857975006104,209.17300415039062,308.3576354980469,0.9999699592590332,203.1517791748047,307.9175720214844,0.9997431635856628,217.77487182617188,272.2559814453125,0.9998975992202759
182,205.52874755859375,309.65972900390625,0.9998350143432617,213.39004516601562,302.14154052734375,0.9998573064804077,204.60525512695312,299.85186767578125,0.9996715784072876,218.5117645263672,267.43145751953125,0.9998432993888855
183,206.43295288085938,303.7989196777344,0.999857485294342,214.7262725830078,296.5820007324219,0.9997870922088623,206.94984436035156,295.9458312988281,0.9994931221008301,218.83604431152344,260.0119323730469,0.9997954368591309
184,209.4901580810547,296.7472839355469,0.9999135136604309,217.0967254638672,289.6767883300781,0.9993215799331665,208.4340362548828,285.8595275878906,0.9993268847465515,219.744140625,254.33811950683594,0.9992828369140625
185,211.7628631591797,292.0227966308594,0.9999952912330627,218.70436096191406,283.6965637207031,0.9998502135276794,209.12307739257812,282.6711120605469,0.9999727010726929,221.3493194580078,249.03305053710938,0.9998926520347595
186,211.83152770996094,285.8838806152344,0.9999488592147827,219.2453155517578,277.4158020019531,0.9980177879333496,212.02037048339844,276.45281982421875,0.9996633529663086,222.6348114013672,242.4633331298828,0.9981473088264465
187,214.58013916015625,281.6824645996094,0.9999874234199524,221.49761962890625,273.8448181152344,0.9999424815177917,212.19732666015625,270.7651672363281,0.9999740123748779,223.43446350097656,236.0488739013672,0.9998829364776611
188,215.0149688720703,275.3161315917969,0.9999924898147583,221.8998260498047,267.3358154296875,0.9998977184295654,212.37353515625,265.7567443847656,0.9999879002571106,224.96466064453125,230.89695739746094,0.9999217987060547
189,213.3466033935547,269.931640625,0.9999914765357971,221.17726135253906,261.70123291015625,0.9998849630355835,213.38238525390625,260.123046875,0.9999802708625793,225.96401977539062,225.90577697753906,0.9999352693557739
190,213.87974548339844,262.722412109375,0.9999783039093018,222.08218383789062,255.9995574951172,0.9999338388442993,212.3982696533203,253.42404174804688,0.9999849796295166,227.4646453857422,220.0912628173828,0.9999704360961914
191,216.61485290527344,257.6109313964844,0.9999812841415405,222.6293182373047,249.3889923095703,0.999871015548706,214.15435791015625,247.4468536376953,0.9999844431877136,229.8396759033203,213.60543823242188,0.9999905824661255
192,216.7662353515625,250.50572204589844,0.9996427297592163,224.27638244628906,241.73764038085938,0.999266505241394,216.89366149902344,240.79766845703125,0.99953293800354,230.191162109375,209.11424255371094,0.9997837543487549
193,220.8378143310547,245.8854217529297,0.9994016885757446,227.64556884765625,237.8370361328125,0.9990473985671997,217.8087615966797,235.70652770996094,0.9997223615646362,228.19688415527344,203.9208526611328,0.9999243021011353
194,221.61929321289062,239.05345153808594,0.9984666705131531,225.7403564453125,229.24813842773438,0.9970327019691467,218.8769989013672,228.76754760742188,0.9973286986351013,229.84909057617188,196.20901489257812,0.9998267889022827
195,222.36456298828125,232.45556640625,0.997956395149231,227.37234497070312,223.6412811279297,0.996092677116394,219.06756591796875,219.9080047607422,0.9944425821304321,227.13107299804688,190.72886657714844,0.9992369413375854
196,221.56231689453125,226.12171936035156,0.9937320351600647,226.51426696777344,216.54913330078125,0.9628652334213257,217.9800567626953,215.32720947265625,0.9875775575637817,229.82623291015625,183.7839813232422,0.9947038292884827
197,221.2921142578125,218.72276306152344,0.9969928860664368,225.93612670898438,209.793701171875,0.9889790415763855,219.3461151123047,209.3660125732422,0.9858587384223938,229.07562255859375,178.3817901611328,0.9840933084487915
198,223.1480712890625,214.6090850830078,0.9969553351402283,228.56959533691406,205.45388793945312,0.99115389585495,218.67271423339844,202.54385375976562,0.9969267845153809,228.57870483398438,173.09523010253906,0.9993569850921631
199,224.53390502929688,208.48263549804688,0.9930638074874878,228.5060577392578,197.80941772460938,0.9734034538269043,219.54241943359375,197.09178161621094,0.9559659957885742,230.88888549804688,165.0224151611328,0.9975144267082214
200,224.009033203125,200.2150421142578,0.9947518706321716,227.8846893310547,191.51364135742188,0.9693315625190735,222.2686309814453,191.99276733398438,0.9477332830429077,229.24583435058594,159.4586944580078,0.9918880462646484
201,223.9999542236328,196.200439453125,0.9513219594955444,225.789306640625,165.7711944580078,0.9548074007034302,227.62216186523438,166.92678833007812,0.9516982436180115,231.68714904785156,153.44317626953125,0.9858098030090332
202,230.39385986328125,148.09445190429688,0.9911677837371826,226.06199645996094,159.60801696777344,0.9956788420677185,230.66693115234375,160.73948669433594,0.9962711334228516,225.76141357421875,185.21966552734375,0.9575222134590149
203,222.522216796875,183.62673950195312,0.9897512197494507,228.329833984375,175.14865112304688,0.942035436630249,228.91326904296875,160.5488739013672,0.9285930395126343,231.3595733642578,143.90933227539062,0.9905588626861572
204,223.3147430419922,181.16143798828125,0.9978940486907959,228.88748168945312,170.33973693847656,0.989201545715332,220.5972442626953,168.10263061523438,0.9896265864372253,232.1779327392578,140.7488555908203,0.9978248476982117
205,225.16018676757812,174.37374877929688,0.9996285438537598,229.897216796875,164.81735229492188,0.9936770796775818,223.85003662109375,164.83851623535156,0.9967564344406128,232.88638305664062,132.72901916503906,0.9996929168701172
206,227.16012573242188,169.14598083496094,0.9996588826179504,233.87762451171875,160.68716430664062,0.9874963760375977,224.68194580078125,160.01156616210938,0.991873562335968,233.13198852539062,129.4983673095703,0.9988304972648621
207,227.6063232421875,164.8563995361328,0.9988623857498169,234.81141662597656,154.20852661132812,0.9881752133369446,226.23106384277344,151.51966857910156,0.9918329119682312,233.2872314453125,123.55187225341797,0.9982197284698486
208,227.54331970214844,156.3677215576172,0.9994520545005798,234.33660888671875,148.47093200683594,0.9930622577667236,227.08660888671875,147.119384765625,0.9968987703323364,234.53468322753906,118.82194519042969,0.9995498657226562
209,227.6392059326172,151.117431640625,0.9989546537399292,236.1265106201172,143.48370361328125,0.9937527179718018,225.98020935058594,139.0192413330078,0.9970744848251343,235.99131774902344,113.050048828125,0.9985488057136536
210,228.551513671875,148.5137176513672,0.9998457431793213,236.3236846923828,139.190185546875,0.9986613988876343,226.229736328125,137.11785888671875,0.9995079040527344,236.27450561523438,109.20651245117188,0.9993369579315186
211,228.663330078125,142.3831787109375,0.9999708533287048,236.11148071289062,134.9578399658203,0.9993722438812256,227.8931884765625,133.64169311523438,0.9999582767486572,237.071533203125,106.01539611816406,0.9998248815536499
212,229.8379669189453,138.43516540527344,0.9998353123664856,237.26068115234375,131.3421173095703,0.9986845850944519,229.77224731445312,129.43016052246094,0.9990545511245728,237.41087341308594,101.6827392578125,0.9994153380393982
213,233.56735229492188,134.7780303955078,0.9998831748962402,240.82054138183594,126.84272766113281,0.9999006390571594,229.43994140625,126.31782531738281,0.9999824166297913,237.43740844726562,95.39932250976562,0.9999710321426392
214,233.344970703125,131.593017578125,0.99993497133255,239.62843322753906,123.28598022460938,0.99979567527771,229.60775756835938,121.97318267822266,0.9999648332595825,239.11572265625,91.01738739013672,0.9999552965164185
215,231.68504333496094,125.05291748046875,0.9997549057006836,238.05963134765625,116.74101257324219,0.9989140033721924,230.98008728027344,115.78219604492188,0.999826192855835,240.4951171875,87.85381317138672,0.9999294877052307
216,231.88877868652344,120.59650421142578,0.9984503984451294,238.63575744628906,113.7969741821289,0.9966176748275757,230.44468688964844,109.30664825439453,0.9986530542373657,242.71267700195312,84.4384765625,0.999984622001648
217,233.71060180664062,116.95487213134766,0.9995055794715881,242.3238067626953,109.34242248535156,0.9994771480560303,231.2738037109375,108.04601287841797,0.9998100996017456,243.74288940429688,80.01963806152344,0.9999964237213135
218,233.6758270263672,113.6495132446289,0.9999098777770996,240.64889526367188,108.25395202636719,0.9998092651367188,231.38818359375,103.63835144042969,0.9999204874038696,245.26541137695312,77.36155700683594,0.9999886155128479
219,233.1122589111328,109.98062133789062,0.9994826316833496,242.3416748046875,105.30001831054688,0.9986085295677185,232.70521545410156,100.27080535888672,0.9995371103286743,245.15838623046875,71.2591323852539,0.9999812841415405
220,235.1044158935547,107.12969970703125,0.9997600317001343,242.98695373535156,100.99686431884766,0.9999641180038452,234.12168884277344,98.53738403320312,0.9999220371246338,245.8684539794922,68.95377349853516,0.9999987483024597
221,237.4936981201172,104.3673324584961,0.9991970062255859,245.2301788330078,96.67719268798828,0.9997715950012207,234.96343994140625,93.6558837890625,0.9991315007209778,246.6348876953125,66.0357666015625,0.9999985694885254
222,238.8127899169922,102.48532104492188,0.9977018237113953,246.78440856933594,94.07679748535156,0.9983021020889282,234.95794677734375,90.75062561035156,0.9982953071594238,247.23338317871094,64.28995513916016,0.9999940395355225
223,238.85633850097656,98.1847152709961,0.9987421035766602,246.71815490722656,91.6502914428711,0.9992144107818604,235.59442138671875,87.2695083618164,0.9997168779373169,248.15504455566406,61.355712890625,0.9999802112579346
224,237.81483459472656,95.29230499267578,0.9977104663848877,247.40924072265625,89.96060180664062,0.9987975358963013,236.128662109375,84.83912658691406,0.999700665473938,250.16958618164062,59.408905029296875,0.9998522996902466
225,236.20022583007812,91.58870697021484,0.9716407060623169,246.81979370117188,84.29129791259766,0.9949753284454346,238.63394165039062,78.10614776611328,0.9979689121246338,251.15867614746094,58.39093017578125,0.9983841180801392
226,255.03810119628906,57.9000358581543,0.9999895095825195,248.66571044921875,61.92704772949219,0.9999982714653015,257.4175109863281,62.89841842651367,0.9999980926513672,238.640380859375,89.90491485595703,0.9999617338180542
227,255.3320770263672,55.998680114746094,0.9999971389770508,248.40187072753906,59.56826400756836,0.9999984502792358,257.86004638671875,60.25904083251953,0.9999982118606567,241.35943603515625,88.08961486816406,0.999975323677063
228,255.18963623046875,54.273433685302734,0.9999983310699463,248.00479125976562,58.25579071044922,0.9999986290931702,257.2561340332031,59.16688537597656,0.9999960064888,243.287109375,86.34922790527344,0.9999897480010986
229,255.30227661132812,53.02909469604492,0.9999984502792358,248.35113525390625,55.81409454345703,0.9999991655349731,257.5399169921875,57.28498458862305,0.9999978542327881,245.20941162109375,85.43506622314453,0.9999932646751404
230,254.874755859375,52.28868865966797,0.9999978542327881,248.4573211669922,55.295372009277344,0.9999994039535522,257.6713562011719,56.18163299560547,0.9999986886978149,247.40931701660156,83.78030395507812,0.9999886155128479
231,255.0767822265625,51.724308013916016,0.9999973773956299,248.873291015625,54.8887939453125,0.9999992847442627,257.8810119628906,55.7319450378418,0.9999989867210388,248.33065795898438,83.24382781982422,0.9999799132347107
232,254.67218017578125,50.95901107788086,0.9999964237213135,248.5768280029297,54.33403015136719,0.9999996423721313,257.8756103515625,55.06400680541992,0.9999992847442627,248.38328552246094,82.34881591796875,0.9999716281890869
233,254.33004760742188,51.2573356628418,0.9999971389770508,248.2770233154297,54.17972946166992,0.9999997615814209,257.34857177734375,55.12347412109375,0.9999991059303284,247.65281677246094,80.53850555419922,0.9999659061431885
234,254.10406494140625,51.5283203125,0.9999974966049194,247.90682983398438,54.10859298706055,0.9999998211860657,257.062744140625,55.25054168701172,0.999998927116394,246.10935974121094,80.2430419921875,0.9999728202819824
235,253.39569091796875,51.526039123535156,0.9999970197677612,247.3180694580078,53.93505859375,0.9999998211860657,256.32244873046875,54.94121551513672,0.9999985694885254,245.81622314453125,79.44596099853516,0.9999727010726929
236,252.74696350097656,51.518226623535156,0.9999967813491821,246.94297790527344,53.84823226928711,0.9999998211860657,255.7694091796875,54.88770294189453,0.9999979138374329,245.74560546875,78.76419830322266,0.9999757409095764
237,252.04440307617188,51.24995803833008,0.9999959468841553,246.4520721435547,53.415401458740234,0.9999999403953552,255.25558471679688,54.38997268676758,0.9999970197677612,245.28353881835938,78.14154052734375,0.9999802112579346
238,251.53822326660156,51.092872619628906,0.9999954700469971,246.1443634033203,53.33675765991211,0.9999998211860657,254.93653869628906,54.07325744628906,0.9999970197677612,245.42071533203125,77.53987884521484,0.9999779462814331
239,251.3079071044922,51.09458541870117,0.9999885559082031,245.9772186279297,53.112037658691406,0.9999998807907104,254.92771911621094,53.73039245605469,0.9999958872795105,246.2622833251953,77.12458801269531,0.9999762773513794
240,251.4970703125,50.678829193115234,0.9999780654907227,246.61016845703125,52.649085998535156,0.9999997615814209,255.7108612060547,53.402618408203125,0.9999971389770508,247.637451171875,76.0797119140625,0.9999517798423767
241,251.24034118652344,49.905181884765625,0.9999223351478577,246.46560668945312,51.77479553222656,0.9999996423721313,255.90565490722656,52.43098449707031,0.9999958276748657,248.11724853515625,74.5620346069336,0.999907374382019
242,250.70193481445312,48.74626159667969,0.9993975162506104,245.24801635742188,50.463172912597656,0.9999994039535522,254.82400512695312,51.073551177978516,0.9999843835830688,246.95762634277344,73.12290954589844,0.9998377561569214
243,247.84754943847656,48.28920364379883,0.9944624304771423,244.0310516357422,48.681312561035156,0.9999948143959045,253.73976135253906,49.39120864868164,0.9998396635055542,247.7841796875,69.56314849853516,0.9991881847381592
244,247.72726440429688,47.57328796386719,0.9703577756881714,244.87820434570312,48.24318313598633,0.9998387098312378,253.12489318847656,47.63460922241211,0.9963990449905396,247.57591247558594,63.65970230102539,0.9852441549301147
245,247.73126220703125,50.84526062011719,0.8477636575698853,246.16583251953125,47.01859664916992,0.9993119835853577,250.05787658691406,47.14710235595703,0.9950354099273682,246.53343200683594,31.66863250732422,0.9967272281646729
246,247.34542846679688,50.932987213134766,0.9717656373977661,246.6653594970703,44.01034164428711,0.9991655945777893,247.4539337158203,44.37164306640625,0.9988726377487183,247.09071350097656,29.001169204711914,0.999403715133667
247,246.0257110595703,50.60792541503906,0.9785915613174438,246.77691650390625,38.859466552734375,0.9994745254516602,246.57437133789062,41.91250991821289,0.9990674257278442,246.32179260253906,21.735288619995117,0.9988309741020203
248,246.02969360351562,50.146915435791016,0.9956425428390503,250.30111694335938,35.91545486450195,0.9996071457862854,246.9877471923828,35.775718688964844,0.9997333288192749,244.95407104492188,11.697295188903809,0.9999761581420898
249,244.98939514160156,49.725181579589844,0.9919155836105347,250.21975708007812,35.04152297973633,0.9988564252853394,247.38565063476562,34.91579055786133,0.9994863271713257,245.02752685546875,11.137059211730957,0.999954342842102
250,245.0019073486328,48.44190216064453,0.999123215675354,252.60348510742188,35.26032638549805,0.9997356534004211,244.8111572265625,34.87839126586914,0.9999245405197144,245.05355834960938,9.620018005371094,0.9999943971633911
251,245.7554168701172,47.54886245727539,0.9998538494110107,253.37452697753906,35.24285888671875,0.9998816847801208,244.54190063476562,35.11470413208008,0.99997878074646,245.413330078125,7.910783767700195,0.9999939203262329
252,247.65438842773438,44.66717529296875,0.9999666213989258,253.75013732910156,30.54779624938965,0.9998354911804199,246.74778747558594,30.653003692626953,0.9999635815620422,245.2203826904297,2.8325204849243164,0.9998505711555481
253,247.33062744140625,40.74496841430664,0.9999833106994629,254.2469940185547,27.999879837036133,0.9999772310256958,244.58233642578125,27.773204803466797,0.9999960064888,240.9503936767578,0.9815511703491211,0.9466173648834229
254,246.85508728027344,40.52436447143555,0.9999855160713196,250.80247497558594,25.751195907592773,0.9999784231185913,245.20945739746094,26.02713966369629,0.9999862909317017,240.77357482910156,-2.4158496856689453,0.3168705701828003
255,240.59536743164062,28.262672424316406,0.9999266862869263,247.42434692382812,18.35253143310547,0.9999825954437256,244.21656799316406,15.514110565185547,0.9999939799308777,245.98851013183594,-5.1969404220581055,0.02711305022239685
256,239.29774475097656,19.41493797302246,0.9999444484710693,247.7374725341797,12.985349655151367,0.9999898672103882,241.53053283691406,10.025961875915527,0.9999935626983643,249.3151092529297,-0.566586971282959,0.013165891170501709
257,239.7537078857422,15.954562187194824,0.9999879598617554,248.89170837402344,8.94105339050293,0.9999427795410156,242.3106689453125,6.131067276000977,0.9999516010284424,248.58367919921875,0.7589621543884277,0.008488476276397705
258,243.4878387451172,13.390256881713867,0.999990701675415,248.90602111816406,4.890561103820801,0.9989926815032959,243.7687530517578,4.282795429229736,0.9998472332954407,241.01806640625,-2.941575527191162,0.01613551378250122
259,245.4955596923828,8.53650951385498,0.999976396560669,249.32302856445312,2.8180618286132812,0.9964339733123779,244.69012451171875,0.7992162704467773,0.9996355772018433,243.09617614746094,-2.931973457336426,0.024881184101104736
260,245.44949340820312,5.761772155761719,0.9986890554428101,248.7958526611328,0.5313456058502197,0.984375,244.80096435546875,-1.3104352951049805,0.9971967935562134,242.56591796875,-2.359549045562744,0.052145570516586304
261,241.4447479248047,-6.453020095825195,0.004244387149810791,242.8077850341797,-2.5689401626586914,0.0075137317180633545,243.4471893310547,-3.155060291290283,0.006838291883468628,239.3730926513672,-1.7906994819641113,0.0010349750518798828
262,240.73023986816406,-8.156097412109375,0.000611037015914917,241.61602783203125,-2.6758909225463867,0.001662522554397583,243.11712646484375,-3.037191867828369,0.0013490021228790283,238.43101501464844,-2.425879955291748,0.0001590251922607422
263,240.79782104492188,-9.137215614318848,0.00021526217460632324,241.2598419189453,-2.617788791656494,0.0006635487079620361,243.08070373535156,-3.0335135459899902,0.0005740523338317871,238.36376953125,-2.812345027923584,4.997849464416504e-05
264,241.28726196289062,-8.611083030700684,0.0003857910633087158,241.6259307861328,-2.971585750579834,0.0011681020259857178,243.2662353515625,-3.1310372352600098,0.000855565071105957,238.84307861328125,-2.856255054473877,8.52346420288086e-05
265,253.97459411621094,352.384521484375,0.00010037422180175781,241.4422607421875,-3.216488838195801,0.00022545456886291504,243.50599670410156,-3.3125438690185547,0.00017127394676208496,254.32235717773438,354.22576904296875,3.30507755279541e-05
266,253.89614868164062,352.3257141113281,9.796023368835449e-05,241.1999053955078,-2.932851791381836,7.969141006469727e-05,243.49179077148438,-2.8261280059814453,5.179643630981445e-05,254.22772216796875,354.2182922363281,3.2514333724975586e-05
267,253.97821044921875,352.3385314941406,9.885430335998535e-05,-1.05216646194458,3.482670307159424,7.271766662597656e-05,243.26490783691406,-2.3880996704101562,3.6209821701049805e-05,254.3487091064453,354.20867919921875,3.0606985092163086e-05
268,254.0299835205078,352.2901916503906,9.825825691223145e-05,-1.052297592163086,3.482658863067627,7.271766662597656e-05,256.16693115234375,1.9261672496795654,3.612041473388672e-05,254.3682098388672,354.0916442871094,3.3408403396606445e-05
269,253.90122985839844,352.3667907714844,9.354948997497559e-05,237.52096557617188,-1.6347508430480957,8.51750373840332e-05,243.4071502685547,-2.0197219848632812,3.4183263778686523e-05,254.2498779296875,354.2298583984375,3.018975257873535e-05
270,253.94033813476562,352.3698425292969,9.66191291809082e-05,-1.0519704818725586,3.4827001094818115,7.274746894836426e-05,256.1678466796875,2.0354840755462646,4.106760025024414e-05,254.29556274414062,354.2442626953125,2.995133399963379e-05
271,254.0784149169922,352.3321838378906,9.566545486450195e-05,-1.0520367622375488,3.4828975200653076,7.274746894836426e-05,256.1448059082031,1.892975091934204,4.234910011291504e-05,254.39649963378906,354.115234375,3.1441450119018555e-05
272,253.96556091308594,352.2914123535156,0.00010371208190917969,-1.052182674407959,3.4823732376098633,7.277727127075195e-05,-1.3261480331420898,9.108171463012695,3.248453140258789e-05,254.34454345703125,354.18109130859375,3.1888484954833984e-05
273,253.88418579101562,352.3846130371094,9.191036224365234e-05,-1.0521340370178223,3.4827442169189453,7.274746894836426e-05,243.48507690429688,-2.461207866668701,3.2573938369750977e-05,254.2025146484375,354.2268371582031,3.0994415283203125e-05
274,253.94944763183594,352.3329162597656,0.00010287761688232422,-1.0519304275512695,3.4828574657440186,7.277727127075195e-05,243.42538452148438,-2.4600629806518555,3.281235694885254e-05,254.32308959960938,354.1890563964844,3.203749656677246e-05
275,254.0005340576172,352.3941345214844,9.751319885253906e-05,-1.0519514083862305,3.482954263687134,7.271766662597656e-05,256.1391906738281,1.891099214553833,3.269314765930176e-05,254.38156127929688,354.20074462890625,3.203749656677246e-05
276,253.94239807128906,352.41094970703125,9.354948997497559e-05,-1.052107334136963,3.482712984085083,7.277727127075195e-05,-1.3258886337280273,9.108437538146973,3.24249267578125e-05,254.27462768554688,354.2532653808594,3.102421760559082e-05
277,253.9451446533203,352.4419860839844,9.959936141967773e-05,-1.0520296096801758,3.4823882579803467,7.280707359313965e-05,256.2115783691406,1.870697259902954,3.68952751159668e-05,254.27554321289062,354.30596923828125,3.1948089599609375e-05
278,253.9812469482422,352.3085021972656,9.819865226745605e-05,-1.0522356033325195,3.4829161167144775,7.280707359313965e-05,255.98385620117188,1.9270069599151611,3.653764724731445e-05,254.33084106445312,354.18267822265625,3.045797348022461e-05
279,254.0333251953125,352.3478698730469,9.942054748535156e-05,-1.0520715713500977,3.482402801513672,7.274746894836426e-05,255.98329162597656,1.9535458087921143,3.451108932495117e-05,254.3849639892578,354.1905212402344,3.331899642944336e-05
280,253.92478942871094,352.2614440917969,0.00010320544242858887,-1.0518536567687988,3.482679605484009,7.277727127075195e-05,256.1988220214844,1.6724514961242676,3.948807716369629e-05,254.27243041992188,354.1438903808594,3.36766242980957e-05
281,253.9822540283203,352.32769775390625,0.0001016855239868164,-1.052168846130371,3.482329845428467,7.280707359313965e-05,256.1517028808594,2.0197370052337646,3.415346145629883e-05,254.3568878173828,354.22222900390625,3.108382225036621e-05
282,253.95220947265625,352.3840637207031,9.441375732421875e-05,-1.051931381225586,3.4825241565704346,7.280707359313965e-05,256.0823669433594,1.7546367645263672,3.6269426345825195e-05,254.2819366455078,354.2483215332031,3.0308961868286133e-05
283,253.93447875976562,352.3023376464844,9.608268737792969e-05,-1.0520424842834473,3.482621192932129,7.277727127075195e-05,243.4605255126953,-2.501425266265869,3.4332275390625e-05,254.2728729248047,354.1826477050781,2.9921531677246094e-05
284,253.9715576171875,352.3561096191406,9.906291961669922e-05,-1.052046298980713,3.48264741897583,7.277727127075195e-05,243.40696716308594,-2.5212955474853516,3.662705421447754e-05,254.3660430908203,354.1969299316406,3.191828727722168e-05
285,253.98719787597656,352.35406494140625,0.00010496377944946289,223.96209716796875,1.5131256580352783,8.049607276916504e-05,243.45384216308594,-2.698472499847412,3.737211227416992e-05,254.39154052734375,354.2264404296875,3.197789192199707e-05
286,253.41514587402344,335.3394470214844,0.00010481476783752441,-1.0521721839904785,3.482902765274048,7.277727127075195e-05,243.52398681640625,-2.649466037750244,3.692507743835449e-05,253.95925903320312,336.4644470214844,3.3348798751831055e-05
287,254.00140380859375,352.3288269042969,9.819865226745605e-05,-1.0521001815795898,3.483006477355957,7.274746894836426e-05,255.79017639160156,1.790748119354248,3.5136938095092773e-05,254.40304565429688,354.1634521484375,3.17990779876709e-05
288,253.99952697753906,352.2650451660156,0.00010526180267333984,-1.0519194602966309,3.482562303543091,7.277727127075195e-05,255.8108367919922,1.7421534061431885,3.597140312194824e-05,254.40797424316406,354.1419677734375,3.319978713989258e-05
289,253.96649169921875,352.3299865722656,9.73045825958252e-05,-1.0519518852233887,3.4828832149505615,7.274746894836426e-05,-1.3257884979248047,9.108543395996094,3.2395124435424805e-05,254.29893493652344,354.202880859375,3.212690353393555e-05
290,254.00294494628906,352.2892761230469,9.879469871520996e-05,-1.0520710945129395,3.4827561378479004,7.277727127075195e-05,256.1952819824219,1.8619840145111084,3.421306610107422e-05,254.37481689453125,354.14208984375,3.2335519790649414e-05
291,254.03224182128906,352.3976745605469,9.682774543762207e-05,-1.0523247718811035,3.4831948280334473,7.277727127075195e-05,256.2343444824219,1.813673496246338,3.9011240005493164e-05,254.3545379638672,354.2303771972656,3.1560659408569336e-05
292,253.8742218017578,352.3901672363281,9.101629257202148e-05,224.01654052734375,1.7035610675811768,7.495284080505371e-05,256.02294921875,1.9093515872955322,3.612041473388672e-05,254.1663818359375,354.2605285644531,2.911686897277832e-05
293,253.95396423339844,352.3418884277344,0.00010639429092407227,224.20901489257812,1.8184788227081299,8.276104927062988e-05,255.8822021484375,1.8209433555603027,4.556775093078613e-05,254.32931518554688,354.23077392578125,3.2514333724975586e-05
294,254.02499389648438,352.4101867675781,0.0001004338264465332,224.2259521484375,1.6082394123077393,7.283687591552734e-05,256.006591796875,1.9346935749053955,4.309415817260742e-05,254.39846801757812,354.2213134765625,3.1560659408569336e-05
295,253.9427490234375,352.388427734375,9.769201278686523e-05,224.2877655029297,1.7962932586669922,8.556246757507324e-05,243.3051300048828,-2.1126275062561035,4.988908767700195e-05,254.3054962158203,354.2337341308594,3.129243850708008e-05
296,253.97950744628906,352.34442138671875,0.00010329484939575195,229.88619995117188,-1.28363037109375,0.00010329484939575195,243.52813720703125,-2.2749552726745605,6.526708602905273e-05,254.32846069335938,354.1949157714844,3.406405448913574e-05
297,254.0457305908203,352.3653564453125,9.40859317779541e-05,230.09930419921875,-1.2417449951171875,0.00011691451072692871,243.3439178466797,-2.052967071533203,8.0108642578125e-05,254.40286254882812,354.1971435546875,3.078579902648926e-05
298,253.91038513183594,352.26959228515625,0.00010028481483459473,238.91482543945312,-2.742330551147461,0.00022849440574645996,243.50205993652344,-2.259772300720215,0.0001741349697113037,254.2853546142578,354.1385803222656,3.221631050109863e-05
299,253.9913330078125,352.3414306640625,9.530782699584961e-05,239.0828857421875,-2.827260971069336,0.00025337934494018555,243.732177734375,-2.270721912384033,0.00024211406707763672,254.30043029785156,354.1710205078125,3.221631050109863e-05
300,253.9684600830078,352.2975769042969,0.00010272860527038574,241.4989013671875,-1.9224395751953125,0.0003313124179840088,243.89669799804688,-1.8566322326660156,0.00038242340087890625,254.353759765625,354.1538391113281,3.215670585632324e-05
301,242.57040405273438,-7.468796730041504,0.00019797682762145996,255.22386169433594,1.8223400115966797,0.0007609724998474121,248.14804077148438,1.1089253425598145,0.0012127161026000977,246.52635192871094,-1.2017650604248047,0.0001093745231628418
302,242.6595916748047,-7.746738433837891,0.0002339482307434082,249.3929443359375,0.47745656967163086,0.0009828507900238037,247.9251708984375,1.1887381076812744,0.0019469261169433594,245.87155151367188,-1.1118721961975098,0.0002397000789642334
303,243.10498046875,-7.8206939697265625,0.00019273161888122559,254.91220092773438,1.928833246231079,0.0009070336818695068,248.30349731445312,1.1848998069763184,0.0011775195598602295,246.1197052001953,-0.1868300437927246,0.000299304723739624
304,243.5967559814453,-7.160365104675293,0.0002155601978302002,249.61968994140625,0.9787352085113525,0.0009710490703582764,248.36114501953125,1.5346424579620361,0.0014779269695281982,246.7956085205078,-0.12212800979614258,0.0002537369728088379
305,243.82757568359375,-5.390233993530273,0.0005615055561065674,249.54701232910156,1.7334272861480713,0.0021963119506835938,248.5795135498047,1.8599040508270264,0.004453122615814209,246.92535400390625,0.2118682861328125,0.0008902251720428467
306,243.81271362304688,-4.362489700317383,0.0009277760982513428,249.83518981933594,2.281827926635742,0.004182189702987671,248.44174194335938,2.307645082473755,0.006841808557510376,247.2462921142578,0.3542928695678711,0.0009042024612426758
307,244.59474182128906,2.2584471702575684,0.02651393413543701,251.10928344726562,11.111129760742188,0.08655732870101929,246.77906799316406,3.2040855884552,0.18679222464561462,246.14218139648438,0.20020031929016113,0.004428565502166748
308,248.975341796875,15.081238746643066,0.047281116247177124,256.94403076171875,14.954751014709473,0.3423595428466797,250.6722412109375,12.976570129394531,0.48560023307800293,252.04100036621094,2.616457462310791,0.006916552782058716
309,250.8924102783203,13.73658275604248,0.053926169872283936,257.6977233886719,13.40632152557373,0.1765311360359192,253.0871124267578,11.299467086791992,0.26289165019989014,253.9193572998047,3.7844161987304688,0.002947092056274414
310,247.38340759277344,14.361387252807617,0.0056563615798950195,257.91009521484375,13.312644958496094,0.061421215534210205,252.77542114257812,4.480865478515625,0.10816174745559692,253.1502685546875,2.5718042850494385,0.000991731882095337
311,249.47714233398438,14.33572769165039,0.013610005378723145,258.6999206542969,14.237678527832031,0.12270888686180115,253.3520965576172,5.398138999938965,0.14415228366851807,254.67884826660156,2.805917739868164,0.0017727017402648926
312,249.9644775390625,18.377460479736328,0.014103472232818604,254.04452514648438,17.527565002441406,0.0391441285610199,251.37416076660156,17.833194732666016,0.10118883848190308,251.12081909179688,25.474227905273438,0.010977208614349365
313,248.34130859375,39.0147705078125,0.030324846506118774,253.67514038085938,32.066165924072266,0.1409291923046112,252.1038360595703,18.744600296020508,0.12434837222099304,251.73594665527344,25.29496955871582,0.024006545543670654
314,248.9524383544922,40.06792449951172,0.26206427812576294,255.03094482421875,32.13713836669922,0.6909375190734863,253.2460174560547,21.00703239440918,0.49014776945114136,252.8223419189453,24.6752872467041,0.1442560851573944
315,249.19790649414062,41.12557601928711,0.14941933751106262,257.39434814453125,26.009431838989258,0.4090331494808197,253.80221557617188,26.507492065429688,0.49247461557388306,252.835693359375,24.543182373046875,0.17287752032279968
316,249.59922790527344,41.34825897216797,0.4647514224052429,255.83932495117188,33.12631607055664,0.6488036513328552,253.9104766845703,26.87537384033203,0.7041835784912109,253.20681762695312,24.727924346923828,0.20254987478256226
317,253.74351501464844,25.253446578979492,0.1027698814868927,260.40850830078125,14.95431900024414,0.6232792735099792,253.87527465820312,16.25296974182129,0.5876637101173401,253.56153869628906,22.06330108642578,0.039330869913101196
318,253.59048461914062,17.126619338989258,0.05532956123352051,260.15948486328125,12.812275886535645,0.3909120559692383,253.81796264648438,4.951279163360596,0.23623275756835938,253.28016662597656,20.336084365844727,0.013803154230117798
319,253.32252502441406,15.69559097290039,0.08141672611236572,260.2229309082031,10.603083610534668,0.4844343960285187,253.72695922851562,3.7475321292877197,0.26357001066207886,253.32904052734375,18.852439880371094,0.007608324289321899
320,253.23069763183594,14.650796890258789,0.039917558431625366,258.77935791015625,5.8254008293151855,0.2295634150505066,253.30255126953125,3.02351450920105,0.2176758348941803,253.04067993164062,19.17796516418457,0.005340486764907837
321,254.17530822753906,16.902692794799805,0.14135295152664185,261.0429992675781,11.795509338378906,0.765315055847168,258.7085876464844,10.990252494812012,0.3836216926574707,253.9509735107422,19.008214950561523,0.011180013418197632
322,253.6751708984375,16.311805725097656,0.1886279284954071,260.4447937011719,11.157063484191895,0.8103728294372559,253.83621215820312,4.7443952560424805,0.48282548785209656,253.77590942382812,18.79340362548828,0.008989870548248291
323,253.47079467773438,15.918879508972168,0.060682713985443115,260.09539794921875,10.565388679504395,0.39670491218566895,253.6892547607422,3.5174787044525146,0.25226181745529175,253.5148468017578,19.02381706237793,0.007093906402587891
324,253.46090698242188,16.15134048461914,0.07165336608886719,260.4285888671875,10.951483726501465,0.5041372179985046,253.91273498535156,3.8997857570648193,0.28244563937187195,253.44403076171875,18.835613250732422,0.008001446723937988
325,253.6437530517578,16.687135696411133,0.3192172050476074,260.8643493652344,11.494415283203125,0.9134855270385742,254.2198944091797,5.13313102722168,0.6396624445915222,253.78363037109375,18.711071014404297,0.00999760627746582
326,253.4554443359375,16.518600463867188,0.10384255647659302,260.3758850097656,11.209136009216309,0.6291634440422058,254.01980590820312,4.338686466217041,0.36419039964675903,253.48684692382812,19.153587341308594,0.009231507778167725
327,253.63697814941406,16.006208419799805,0.1100110411643982,260.5496826171875,10.732865333557129,0.6151914596557617,254.33798217773438,4.0684356689453125,0.3537535071372986,253.65777587890625,18.61133575439453,0.008553385734558105
328,253.81716918945312,16.854068756103516,0.11696633696556091,260.7265319824219,11.539320945739746,0.7026578187942505,254.42584228515625,4.586909770965576,0.3514302670955658,253.73020935058594,18.917205810546875,0.010344266891479492
329,253.7425994873047,15.909385681152344,0.041370242834091187,260.2835998535156,10.156216621398926,0.30431389808654785,254.51727294921875,3.3866610527038574,0.1900588870048523,253.47642517089844,18.934585571289062,0.006745189428329468
330,253.7549285888672,16.65213394165039,0.1165180504322052,260.2934265136719,10.74563980102539,0.645750880241394,254.61643981933594,4.347538948059082,0.33530017733573914,253.85025024414062,18.89907455444336,0.008053302764892578
331,253.9197998046875,17.377098083496094,0.21628338098526,260.8743591308594,11.503665924072266,0.8965185880661011,254.9095916748047,5.1663665771484375,0.5703268051147461,254.31118774414062,18.888986587524414,0.00839969515800476
332,253.61248779296875,17.07518196105957,0.06162518262863159,260.1504211425781,10.756628036499023,0.46231722831726074,254.50889587402344,4.172414302825928,0.24891972541809082,253.72962951660156,19.468801498413086,0.007886528968811035
333,253.7029266357422,17.132253646850586,0.1061544120311737,260.50799560546875,11.237292289733887,0.7481195330619812,254.70921325683594,4.6909379959106445,0.36985093355178833,253.7976837158203,19.251087188720703,0.009086281061172485
334,253.74078369140625,17.02783203125,0.11785334348678589,260.6021728515625,11.061593055725098,0.7462664246559143,254.81661987304688,4.618672847747803,0.42160123586654663,254.10992431640625,18.906774520874023,0.008215785026550293
335,253.49319458007812,16.826433181762695,0.08214148879051208,260.2885437011719,10.590150833129883,0.6209719777107239,254.47129821777344,4.086130619049072,0.36100268363952637,253.90982055664062,19.147300720214844,0.008437633514404297
336,253.83656311035156,17.000144958496094,0.1045655906200409,260.5068054199219,10.90048599243164,0.6944605708122253,254.68899536132812,4.401396751403809,0.3830898404121399,254.13552856445312,19.335433959960938,0.008142083883285522
337,246.66238403320312,1.9667870998382568,0.03520825505256653,258.5408935546875,4.555522918701172,0.3933168649673462,253.37095642089844,1.1025452613830566,0.1931127905845642,252.19252014160156,19.711246490478516,0.0035621225833892822
338,251.47633361816406,13.387731552124023,0.12149244546890259,259.375732421875,6.081759452819824,0.7016411423683167,256.0265808105469,4.278866291046143,0.5634762644767761,252.87315368652344,19.007022857666016,0.00643804669380188
339,252.62254333496094,11.805146217346191,0.1335449516773224,260.1051025390625,8.940934181213379,0.7406291961669922,255.71974182128906,4.477771282196045,0.586925208568573,252.89295959472656,18.74526596069336,0.006330907344818115
340,245.9965362548828,16.175167083740234,0.19008636474609375,254.21974182128906,13.337092399597168,0.338331401348114,252.32594299316406,5.609046936035156,0.17496052384376526,251.61338806152344,20.42790985107422,0.004545688629150391
341,261.0656433105469,402.93060302734375,0.0027079880237579346,267.6051025390625,402.1944580078125,0.0002663135528564453,255.8087615966797,383.2977600097656,0.000626981258392334,262.9024963378906,375.5660095214844,0.0020966529846191406
342,261.4801330566406,402.8475341796875,0.04187193512916565,267.37646484375,401.35198974609375,0.002156376838684082,261.3210754394531,398.1644592285156,0.006915628910064697,263.2869567871094,375.09796142578125,0.02737376093864441
343,261.181640625,402.7698059082031,0.0030058324337005615,267.4339294433594,402.1260681152344,0.0002786219120025635,261.2565002441406,398.101806640625,0.0004684329032897949,263.1654052734375,376.2615661621094,0.0012644529342651367
344,261.4868469238281,402.722900390625,0.015705615282058716,267.625,401.594970703125,0.0009566247463226318,261.2964172363281,397.96630859375,0.002842128276824951,262.7415466308594,375.2658996582031,0.011919528245925903
345,261.0422668457031,403.2079162597656,0.005829900503158569,267.3356628417969,402.1835632324219,0.0004665851593017578,261.1195373535156,398.1963195800781,0.0008001327514648438,262.6763916015625,375.53076171875,0.0025108158588409424
346,261.05096435546875,403.0391540527344,0.0038517415523529053,270.0723876953125,399.09979248046875,0.00034427642822265625,261.25811767578125,398.1112060546875,0.0007367730140686035,263.0122985839844,375.9922180175781,0.003266453742980957
347,261.3726501464844,403.7347717285156,0.03895986080169678,267.44305419921875,402.0885314941406,0.0025067925453186035,261.2807312011719,398.5862121582031,0.007043123245239258,263.0230712890625,375.3150939941406,0.031500160694122314
348,261.41961669921875,403.2046813964844,0.0037664473056793213,267.7275390625,402.12823486328125,0.00034359097480773926,261.40020751953125,398.10504150390625,0.0007432103157043457,262.9090270996094,375.66180419921875,0.0030730068683624268
349,261.35101318359375,402.9322204589844,0.00803309679031372,267.5777893066406,401.8752746582031,0.0006256401538848877,261.3780822753906,397.98345947265625,0.001779019832611084,263.1142883300781,375.74859619140625,0.007695525884628296
350,261.5538635253906,403.76336669921875,0.028489291667938232,267.4114074707031,402.2806091308594,0.0023175179958343506,261.4415283203125,398.6405334472656,0.005077660083770752,263.260009765625,375.50909423828125,0.016215085983276367
351,261.417724609375,403.14593505859375,0.009490400552749634,267.4846496582031,401.9946594238281,0.0006556510925292969,261.364501953125,398.1317443847656,0.002091914415359497,262.57513427734375,375.524169921875,0.008369475603103638
352,241.55592346191406,-2.5716915130615234,0.00010198354721069336,256.22296142578125,4.780045032501221,0.000157088041305542,255.9090576171875,3.4392571449279785,0.00011220574378967285,256.0752868652344,-2.0475692749023438,5.778670310974121e-05
353,240.97467041015625,-2.9984421730041504,7.292628288269043e-05,256.2275085449219,4.579382419586182,0.00013834238052368164,255.80381774902344,3.3451828956604004,8.299946784973145e-05,254.60020446777344,377.2593688964844,4.1425228118896484e-05
354,256.240234375,30.667665481567383,0.00022208690643310547,266.8241271972656,29.841306686401367,0.0004647672176361084,256.2547607421875,3.6767687797546387,0.0001914501190185547,256.4096984863281,-1.859764575958252,0.0001208186149597168
355,256.33642578125,31.638399124145508,0.00446397066116333,261.9539489746094,28.898326873779297,0.015501409769058228,255.10964965820312,30.69678497314453,0.00460466742515564,257.5903625488281,-0.6788539886474609,0.0003962516784667969
356,255.90965270996094,32.28473663330078,0.011355429887771606,261.7944030761719,29.546764373779297,0.03882497549057007,254.88172912597656,31.02600860595703,0.011654078960418701,258.03265380859375,-0.5026650428771973,0.0005180835723876953
357,256.1139831542969,31.137332916259766,0.002232372760772705,261.22528076171875,28.91402816772461,0.005899488925933838,254.30662536621094,30.666030883789062,0.0025270581245422363,257.59234619140625,-1.2055158615112305,0.00034114718437194824
358,256.3184814453125,32.342567443847656,0.009984105825424194,261.6734619140625,29.426057815551758,0.03428754210472107,254.79444885253906,30.879459381103516,0.012633562088012695,257.9127502441406,-0.59320068359375,0.0007371604442596436
359,255.91677856445312,32.1425895690918,0.005561381578445435,261.3868408203125,29.139554977416992,0.012789726257324219,254.54147338867188,30.850156784057617,0.004964232444763184,257.8647155761719,-0.8546061515808105,0.0005919933319091797
360,256.50677490234375,32.69538879394531,0.008010149002075195,261.76910400390625,29.30088996887207,0.016873300075531006,254.69602966308594,31.17285919189453,0.006178319454193115,258.232177734375,-0.9073147773742676,0.0009235739707946777
361,256.5615539550781,32.16533279418945,0.009489953517913818,261.9878845214844,29.016626358032227,0.03187909722328186,255.18092346191406,30.45760726928711,0.012156248092651367,258.3370056152344,-0.5998959541320801,0.0010737776756286621
362,254.96249389648438,30.50045394897461,0.0006258189678192139,260.48358154296875,29.142982482910156,0.0018199682235717773,253.08375549316406,31.027507781982422,0.0007076561450958252,256.6690673828125,-1.304227352142334,0.00030872225761413574
363,255.35838317871094,31.461013793945312,0.0027941763401031494,261.1319274902344,29.388708114624023,0.006407827138900757,253.7055206298828,31.208833694458008,0.002119123935699463,257.2388916015625,-1.2056899070739746,0.00045159459114074707
364,255.4273223876953,31.409717559814453,0.002174884080886841,260.91888427734375,29.388187408447266,0.004549205303192139,253.64242553710938,31.031455993652344,0.0018806159496307373,257.4316711425781,-1.2234277725219727,0.0003885030746459961
365,256.3370666503906,32.091087341308594,0.011323899030685425,261.9145202636719,28.98667335510254,0.03449693322181702,255.05145263671875,30.519453048706055,0.01610267162322998,258.3664855957031,-0.6112885475158691,0.0011677443981170654
366,255.74134826660156,31.56391143798828,0.004308730363845825,261.3196105957031,29.023193359375,0.01122245192527771,254.35507202148438,30.408845901489258,0.004459351301193237,257.8628234863281,-0.8752307891845703,0.0006490051746368408
367,255.2117462158203,31.98023796081543,0.008257091045379639,261.03173828125,29.40250015258789,0.02191445231437683,254.0405731201172,30.806482315063477,0.008144110441207886,257.6244812011719,-0.7297406196594238,0.0007329881191253662
368,255.78564453125,33.48999786376953,0.029151946306228638,261.5271911621094,29.414268493652344,0.06405910849571228,254.62557983398438,30.784822463989258,0.034068137407302856,258.3548583984375,-0.3867197036743164,0.0014767944812774658
369,255.76071166992188,32.75439453125,0.023666352033615112,261.7774353027344,29.164419174194336,0.07323193550109863,254.96958923339844,30.463241577148438,0.03227069973945618,258.7287292480469,-0.1892399787902832,0.0014885365962982178
370,256.11175537109375,32.979888916015625,0.027612119913101196,262.2179260253906,29.466350555419922,0.092659592628479,255.27685546875,30.654987335205078,0.04913094639778137,258.6278381347656,0.06856584548950195,0.0018085837364196777
371,255.7221221923828,32.2181510925293,0.009672313928604126,261.4521484375,29.339317321777344,0.020431995391845703,254.263671875,30.813886642456055,0.009397894144058228,257.8457946777344,-0.7967128753662109,0.0008671581745147705
372,255.9457550048828,32.041534423828125,0.005338847637176514,261.747314453125,29.135440826416016,0.007927119731903076,254.58282470703125,30.74944496154785,0.0031354427337646484,257.687744140625,-1.177320957183838,0.0005267560482025146
373,256.105224609375,32.195289611816406,0.00924333930015564,261.7185974121094,29.218955993652344,0.03034183382987976,254.91444396972656,30.594383239746094,0.012734830379486084,258.2928771972656,-0.6659388542175293,0.0008522570133209229
374,256.0206298828125,32.31108093261719,0.014072716236114502,262.1306457519531,29.227867126464844,0.049293458461761475,255.2010498046875,30.512977600097656,0.021600842475891113,258.8247985839844,-0.22907590866088867,0.0016261637210845947
